ID,Age,Height,Weight,BallSpeed,Pelvis,Trunk
FB_028,13,169.7,66.3,64,597.0640685052149,994.3309313302086
FB_028,13,169.7,66.3,61,940.9399715178436,1043.529146933616
FB_028,13,169.7,66.3,64,585.3989369652118,1109.937059296607
FB_028,13,169.7,66.3,64,659.6606467722628,1088.0634783871758
FB_028,13,169.7,66.3,64,623.1680744389912,1099.6963890474497
FB_028,13,169.7,66.3,64,810.6625903543347,999.2625410271316
FB_028,13,169.7,66.3,63,933.5768676440093,1068.8662427544432
FB_028,13,169.7,66.3,64,637.6439551975694,1148.5830228590355
FB_028,13,169.7,66.3,60,832.7931064195957,1248.4138665522744
FB_029,13,158.5,45.5,59,604.4272929807191,1022.6255691874715
FB_029,13,158.5,45.5,61,648.6751643927798,1066.6118406641658
FB_029,13,158.5,45.5,60,606.501374277091,1061.894415855456
FB_029,13,158.5,45.5,61,605.8793715749035,1087.0270517310094
FB_029,13,158.5,45.5,58,623.9511011289266,1055.2039523239096
FB_029,13,158.5,45.5,59,636.5120815035643,1033.484784898162
FB_029,13,158.5,45.5,58,550.9427624535964,1009.3440147907946
FB_029,13,158.5,45.5,60,663.4266172682552,1051.7146262804365
FB_029,13,158.5,45.5,60,642.0844586968291,1084.4215334310732
FB_029,13,158.5,45.5,58,580.4264392668549,1030.0322187193954
FB_031,15,169.5,65.6,69,800.5979208691464,1054.4271696992637
FB_031,15,169.5,65.6,70,834.3688586590465,1075.2218898906401
FB_031,15,169.5,65.6,69,813.8616941624664,1058.772657844922
FB_031,15,169.5,65.6,68,707.4826662187562,1040.4326017095004
FB_031,15,169.5,65.6,69,802.3097578242458,1078.8870090051137
FB_031,15,169.5,65.6,68,788.1545399856552,1049.7274046922848
FB_031,15,169.5,65.6,69,791.799870538004,1098.0443098982846
FB_031,15,169.5,65.6,66,725.6129166359981,1071.3955974060189
FB_031,15,169.5,65.6,69,772.6651417011124,1625.710220795822
FB_031,15,169.5,65.6,69,749.3267018463976,1086.3006774424841
FB_032,12,157.4,40.1,62,716.1250252574616,1195.5037036357353
FB_032,12,157.4,40.1,61,743.9165077480133,1148.6828187955107
FB_032,12,157.4,40.1,62,712.3611666844284,1204.984565406545
FB_032,12,157.4,40.1,63,753.1057292306307,1189.1933051173808
FB_032,12,157.4,40.1,63,755.7663689924289,1165.158375135758
FB_032,12,157.4,40.1,62,700.7855472967461,1121.0800633179595
FB_032,12,157.4,40.1,62,726.824621280815,1171.7747123338172
FB_032,12,157.4,40.1,62,766.9472877584221,1218.1756627227455
FB_032,12,157.4,40.1,61,715.4926502767167,1137.4985932408883
FB_032,12,157.4,40.1,62,654.069183114447,1132.6357004897911
FB_034,16,188.7,71.3,71,595.9230821876259,905.4511893973082
FB_034,16,188.7,71.3,72,634.5470820987202,1011.5324284964867
FB_034,16,188.7,71.3,71,605.8904459297902,1063.574898396911
FB_034,16,188.7,71.3,71,599.3259564844493,998.1431247070732
FB_034,16,188.7,71.3,71,643.0698597353169,1078.4203608055627
FB_034,16,188.7,71.3,71,636.0334220778025,1138.3691433362026
FB_034,16,188.7,71.3,69,651.9750077265232,948.2521910335879
FB_034,16,188.7,71.3,71,637.8915229574696,945.5169725605141
FB_034,16,188.7,71.3,71,622.9488092130845,1008.472295206963
FB_034,16,188.7,71.3,70,647.3234864424433,956.3262018265525
FB_036,16,188.5,74.5,73,612.5463823254529,968.6587735296677
FB_036,16,188.5,74.5,72,616.0322567853083,994.3686823306534
FB_036,16,188.5,74.5,73,654.2454727393992,969.8329551525871
FB_036,16,188.5,74.5,72,702.3093060867127,1210.532201554341
FB_036,16,188.5,74.5,72,662.6511132564406,1064.4213764764404
FB_036,16,188.5,74.5,73,651.5619360429214,1675.4038722051469
FB_036,16,188.5,74.5,73,644.5060607938454,1424.7489205119618
FB_036,16,188.5,74.5,73,645.8887871762445,1502.2443725639314
FB_036,16,188.5,74.5,72,609.4366202485702,1660.5118301719501
FB_037,15,186.4,71.2,69,655.2815932101253,897.9370264534145
FB_037,15,186.4,71.2,68,632.7743055632079,1044.891274051516
FB_037,15,186.4,71.2,68,585.4820775984522,1044.8255667813646
FB_037,15,186.4,71.2,67,626.2503997004712,1091.4641457235323
FB_037,15,186.4,71.2,70,692.9966771926111,1110.840595325198
FB_037,15,186.4,71.2,68,673.3473923614764,1095.3818425845848
FB_037,15,186.4,71.2,69,682.5452195686379,1096.7502502120753
FB_037,15,186.4,71.2,69,725.6095011092399,1084.9490733490675
FB_037,15,186.4,71.2,67,637.4412626242515,1105.7604835862965
FB_037,15,186.4,71.2,68,652.0153205630984,1022.4918624267873
FB_038,16,187,81.8,73,656.6645604728491,1399.1324111748681
FB_038,16,187,81.8,74,650.6883990544168,1377.1112443444792
FB_038,16,187,81.8,76,715.6882396553683,1872.8963922491814
FB_038,16,187,81.8,75,598.6113503902177,1192.000961534847
FB_040,16,177.4,60.9,63,600.2902439653672,1027.3763006201768
FB_040,16,177.4,60.9,63,615.0591273202926,979.7996357725594
FB_040,16,177.4,60.9,67,608.3705732528489,1037.0922264755436
FB_040,16,177.4,60.9,65,639.5942149996355,1000.2632273181894
FB_040,16,177.4,60.9,65,615.7974200173301,996.9542924031172
FB_040,16,177.4,60.9,64,591.1732034691695,1010.3743888979966
FB_040,16,177.4,60.9,64,627.5800113132985,1051.4404662561737
FB_040,16,177.4,60.9,63,601.2351996515174,1012.7028721796931
FB_040,16,177.4,60.9,65,616.2442595270157,975.8653786199201
FB_052,15,176.1,63,72,709.3384498953936,1551.2346718662525
FB_052,15,176.1,63,71,645.1653222236918,1863.021704114045
FB_052,15,176.1,63,71,723.4402484656213,1316.099159562075
FB_052,15,176.1,63,70,609.8466475475617,1226.5885206539315
FB_052,15,176.1,63,71,620.0763686030939,1122.3938578324455
FB_052,15,176.1,63,70,588.6336539724856,1186.579068583295
FB_052,15,176.1,63,70,595.3518178195142,1304.3815684837011
FB_052,15,176.1,63,71,739.3809655380641,1309.9736603840552
FB_052,15,176.1,63,68,655.0962953642769,1195.9698176793593
FB_052,15,176.1,63,70,661.9147627149586,1067.791363188521
FB_053,14,176.1,63,67,637.2301468857229,897.7010908983011
FB_053,14,176.1,63,67,633.4285415893413,936.916737015622
FB_053,14,176.1,63,66,619.2828078511465,958.6438294278016
FB_053,14,176.1,63,68,693.259017179005,921.1797547623373
FB_053,14,176.1,63,68,634.8899736962303,1108.0409621489632
FB_053,14,176.1,63,67,631.659490073568,978.2136958809152
FB_053,14,176.1,63,69,632.0170608456706,1655.9741699676356
FB_053,14,176.1,63,67,626.4849202494821,818.0006842906673
FB_054,14,180.4,85.9,70,745.165064399157,1241.7964438667072
FB_054,14,180.4,85.9,70,684.1338841922683,1614.2622805789647
FB_054,14,180.4,85.9,70,644.4723367499957,1132.9587127958368
FB_054,14,180.4,85.9,69,640.4979721279374,1351.39366407572
FB_054,14,180.4,85.9,69,651.6355645604375,1219.9475171088302
FB_054,14,180.4,85.9,71,672.6556876292655,1179.4126245720793
FB_054,14,180.4,85.9,71,723.3584041814956,1732.8468155610294
FB_054,14,180.4,85.9,68,694.3936500285698,1249.3581562742527
FB_054,14,180.4,85.9,70,650.5394707471637,975.873423065717
FB_054,14,180.4,85.9,71,735.6860905304653,1370.6722557197984
FB_055,14,171.4,89,62,632.1591137522262,897.5099045942001
FB_055,14,171.4,89,63,685.8684639316784,854.9201472067434
FB_055,14,171.4,89,62,627.8319201824642,863.8443080920255
FB_055,14,171.4,89,62,677.2337665858075,854.2995819268322
FB_055,14,171.4,89,62,633.8615423016291,834.6459217560462
FB_055,14,171.4,89,63,643.1407980372571,870.9551160651162
FB_055,14,171.4,89,61,622.2805655618695,868.8118845178684
FB_055,14,171.4,89,63,646.4337090529856,911.4541860675171
FB_055,14,171.4,89,60,634.5915721154828,1006.4491959855698
FB_055,14,171.4,89,62,623.8473176186623,938.7092779982522
FB_059,15,186.2,77.5,82,751.0055942127794,1043.9169063354611
FB_059,15,186.2,77.5,80,653.4389742921676,1009.8462242952438
FB_059,15,186.2,77.5,80,628.6438133601571,1082.5815456121538
FB_059,15,186.2,77.5,81,675.6942276533076,1060.8697564866293
FB_059,15,186.2,77.5,80,697.6389384552729,1108.5466459288036
FB_059,15,186.2,77.5,79,597.6801987191812,1017.2494579742965
FB_059,15,186.2,77.5,80,644.1998350861322,1050.6966046471264
FB_059,15,186.2,77.5,82,743.0099136088294,1071.8701425419965
FB_059,15,186.2,77.5,80,687.7265971299933,1206.0343048603552
FB_059,15,186.2,77.5,80,565.7386846274524,1255.7210240336028
FB_061,18,192.7,78.6,82,738.4952596604802,1227.8640782700666
FB_061,18,192.7,78.6,81,751.2078474862999,1265.3723054785141
FB_061,18,192.7,78.6,82,782.9125452335018,1249.15918963197
FB_061,18,192.7,78.6,80,683.8285558431222,1276.8391767963574
FB_061,18,192.7,78.6,82,794.2649015914023,1279.5168155174827
FB_061,18,192.7,78.6,80,745.5415257354886,1252.6844787160094
FB_061,18,192.7,78.6,81,764.0603508395133,1326.8538912453812
FB_061,18,192.7,78.6,80,764.0871048512728,1205.9402033786748
FB_061,18,192.7,78.6,80,840.3622298413941,1328.7214266889202
FB_061,18,192.7,78.6,81,839.6343952036506,1321.5222421438843
FB_062,18,189,84.5,75,738.4952596604802,1227.8640782700666
FB_062,18,189,84.5,73,751.2078474862999,1265.3723054785141
FB_062,18,189,84.5,74,782.9125452335018,1249.15918963197
FB_062,18,189,84.5,74,683.8285558431222,1276.8391767963574
FB_062,18,189,84.5,74,794.2649015914023,1279.5168155174827
FB_062,18,189,84.5,74,745.5415257354886,1252.6844787160094
FB_062,18,189,84.5,74,764.0603508395133,1326.8538912453812
FB_062,18,189,84.5,74,764.0871048512728,1205.9402033786748
FB_062,18,189,84.5,73,840.3622298413941,1328.7214266889202
FB_062,18,189,84.5,75,839.6343952036506,1321.5222421438843
FB_076,16,188.1,73.6,71,620.392223516704,839.7781400012744
FB_076,16,188.1,73.6,71,569.0642806397183,828.4389687367682
FB_076,16,188.1,73.6,70,614.0473625869588,903.7735413481632
FB_076,16,188.1,73.6,71,604.2280358440843,812.7330353987649
FB_076,16,188.1,73.6,70,611.9870472485509,866.6080724808648
FB_076,16,188.1,73.6,71,622.119819809657,929.9786104766066
FB_076,16,188.1,73.6,72,620.9734121522434,988.2077499696104
FB_076,16,188.1,73.6,72,593.7378002957198,909.5922095642641
FB_076,16,188.1,73.6,70,632.5030473444377,875.0825359181841
FB_077,14,184.5,67.1,72,616.2615171572861,1297.7683295565507
FB_077,14,184.5,67.1,72,609.3095419448147,1109.1693991785023
FB_077,14,184.5,67.1,74,625.7703084231466,1095.7390761969748
FB_077,14,184.5,67.1,74,681.3519807148137,1123.0208548891692
FB_077,14,184.5,67.1,74,575.05828083856,1206.8982792679756
FB_077,14,184.5,67.1,73,566.701890564166,1212.988148499399
FB_077,14,184.5,67.1,74,610.4162863874866,1156.2255526064107
FB_077,14,184.5,67.1,76,643.7547599769651,1128.5137238283812
FB_077,14,184.5,67.1,74,667.330737848932,1279.8842799253375
FB_077,14,184.5,67.1,73,657.0873580430534,1319.2201870044287
FB_080,14,170,56,61,653.0267127154907,1581.6528982709829
FB_080,14,170,56,62,998.13141444401,1685.8628873072685
FB_080,14,170,56,65,620.8700258379365,1872.627722453131
FB_080,14,170,56,62,882.5047182315798,941.1862881576632
FB_080,14,170,56,61,863.0169141447925,1276.5342868094065
FB_082,14,182.5,61.6,72,716.6293874102569,971.3814117019123
FB_082,14,182.5,61.6,74,670.1365903224506,1207.0205609267807
FB_082,14,182.5,61.6,73,652.9270620643626,1319.4104758186513
FB_082,14,182.5,61.6,73,671.1783452861094,1200.0107236187516
FB_082,14,182.5,61.6,73,702.0203774820216,1075.4807669131046
FB_082,14,182.5,61.6,73,644.8211905637096,1199.9678231519376
FB_082,14,182.5,61.6,73,676.5520699842697,941.6434769274409
FB_082,14,182.5,61.6,74,692.5177956096146,1335.6343372719946
FB_082,14,182.5,61.6,72,699.0493776551124,1242.4657819678578
FB_082,14,182.5,61.6,73,750.4471982758014,1248.8241762954463
FB_083,16,183,72,72,792.853605970232,1711.1760836337094
FB_083,16,183,72,73,713.4141635824172,1947.5162819345053
FB_083,16,183,72,71,765.0541003746074,1861.9925459034469
FB_085,13,167.1,52,61,789.992409393913,1012.8809835632219
FB_085,13,167.1,52,61,744.7672973486416,1049.2134103146032
FB_085,13,167.1,52,63,795.4701142720573,1030.6168455934533
FB_085,13,167.1,52,63,778.3301621420051,1017.6003207729251
FB_085,13,167.1,52,62,801.8578523653679,1029.8808963253955
FB_085,13,167.1,52,62,816.92170426547,1067.1763191694238
FB_085,13,167.1,52,61,785.1321453105841,1042.1769955242728
FB_085,13,167.1,52,63,862.0574944283009,988.7468091584417
FB_085,13,167.1,52,60,767.9290176181651,1031.8162679668314
FB_085,13,167.1,52,61,747.2787920849889,1020.5142827202371
FB_087,13,162.6,44.6,54,630.3491028787143,1062.334870226898
FB_087,13,162.6,44.6,57,668.4732213783884,1044.891274051516
FB_087,13,162.6,44.6,55,824.7476068810385,1044.8255667813646
FB_087,13,162.6,44.6,57,695.8226461649549,1091.4641457235323
FB_087,13,162.6,44.6,58,834.838303924778,1110.840595325198
FB_087,13,162.6,44.6,51,892.1319097986575,1095.3818425845848
FB_087,13,162.6,44.6,56,883.3670634164487,1096.7502502120753
FB_087,13,162.6,44.6,56,873.1851271717585,1084.9490733490675
FB_087,13,162.6,44.6,59,876.243629876988,1105.7604835862965
FB_087,13,162.6,44.6,55,797.0865862157009,1022.4918624267873
FB_088,15,175.4,58.3,70,563.5452417508287,1700.8261437607316
FB_088,15,175.4,58.3,72,569.5807169313231,1639.995541000036
FB_088,15,175.4,58.3,71,555.1200508898953,1664.9693187863854
FB_088,15,175.4,58.3,72,586.5877077641502,1711.7709571376656
FB_088,15,175.4,58.3,72,560.2473386817647,1706.2937189710335
FB_088,15,175.4,58.3,72,552.914613570667,1502.0738967174684
FB_088,15,175.4,58.3,72,550.0096957327207,1801.3005191250015
FB_088,15,175.4,58.3,72,564.991571441557,1570.6776493284674
FB_088,15,175.4,58.3,71,508.13896583513457,1354.4286273185458
FB_088,15,175.4,58.3,71,511.2845621569264,1903.3429762394376
FB_089,13,154.5,35.1,61,866.4396704329737,1140.7610289140316
FB_089,13,154.5,35.1,60,816.2969549128552,1417.56110979386
FB_089,13,154.5,35.1,61,851.2596230293083,1105.96550629936
FB_089,13,154.5,35.1,61,817.5888757193312,1173.87827572368
FB_089,13,154.5,35.1,59,801.3897906761729,1537.4472502495817
FB_089,13,154.5,35.1,59,861.4270748589228,1062.7404838435393
FB_089,13,154.5,35.1,61,846.4691111316467,1120.7818323830913
FB_089,13,154.5,35.1,60,884.546824820484,1893.778728468561
