mlbam_id,name,name_last_first,birth_country,birth_city,birth_date,heritage_note,primary_position,bats,throws,mlb_debut_date,roles,teams,seasons,pitching_seasons,batting_seasons,in_previous_version,previous_wrong_id
493114,Norichika Aoki,"Aoki, Norichika",Japan,Hyuga City,1982-01-05,,RF,L,R,2012-04-06,"pitcher, batter",SF/SEA/HOU/NYM/TOR,"2015,2016,2017",2017,"2015,2016,2017",yes,
493117,Kyuji Fujikawa,"Fujikawa, Kyuji",Japan,Kobe City,1980-07-21,,P,L,R,2013-04-01,pitcher,TEX,2015,2015,,yes,
547874,Hisashi Iwakuma,"Iwakuma, Hisashi",Japan,Tokyo,1981-04-12,,P,R,R,2012-04-20,"pitcher, batter",SEA,"2015,2016,2017","2015,2016,2017","2015,2016",yes,461325
493128,Munenori Kawasaki,"Kawasaki, Munenori",Japan,Kagoshima,1981-06-03,,2B,L,R,2012-04-07,batter,TOR/CHC,"2015,2016",,"2015,2016",yes,
538506,Toru Murata,"Murata, Toru",Japan,Osaka,1985-05-20,,P,L,R,2015-06-28,pitcher,CLE,2015,2015,,yes,
400085,Ichiro Suzuki,"Suzuki, Ichiro",Japan,Kasugai,1973-10-22,,RF,L,R,2001-04-02,"pitcher, batter",MIA/SEA,"2015,2016,2017,2018,2019",2015,"2015,2016,2017,2018,2019",yes,
547888,Masahiro Tanaka,"Tanaka, Masahiro",Japan,Itami,1988-11-01,,P,R,R,2014-04-04,"pitcher, batter",NYY,"2015,2016,2017,2018,2019,2020","2015,2016,2017,2018,2019,2020","2015,2016,2017,2018,2019",yes,
547749,Junichi Tazawa,"Tazawa, Junichi",Japan,Yokohama,1986-06-06,,P,R,R,2009-08-07,"pitcher, batter",BOS/MIA/LAA,"2015,2016,2017,2018","2015,2016,2017,2018",2017,yes,
493157,Koji Uehara,"Uehara, Koji",Japan,Osaka,1975-04-03,,P,R,R,2009-04-08,pitcher,BOS/CHC,"2015,2016,2017","2015,2016,2017",,yes,
493159,Tsuyoshi Wada,"Wada, Tsuyoshi",Japan,Izumo,1981-02-21,,P,L,L,2014-07-08,"pitcher, batter",CHC,2015,2015,2015,yes,
506433,Yu Darvish,"Darvish, Yu",Japan,Osaka,1986-08-16,,P,R,R,2012-04-09,"pitcher, batter",TEX/LAD/CHC/SD,"2016,2017,2018,2019,2020,2021,2022,2023,2024,2025","2016,2017,2018,2019,2020,2021,2022,2023,2024,2025","2016,2017,2018,2019,2021",yes,
628317,Kenta Maeda,"Maeda, Kenta",Japan,Osaka,1988-04-11,,P,R,R,2016-04-06,"pitcher, batter",LAD/MIN/DET,"2016,2017,2018,2019,2020,2021,2023,2024,2025","2016,2017,2018,2019,2020,2021,2023,2024,2025","2016,2017,2018,2019,2021",yes,
673633,Yoshihisa Hirano,"Hirano, Yoshihisa",Japan,"Uji, Kyoto",1984-03-08,,P,R,R,2018-03-29,"pitcher, batter",AZ/SEA,"2018,2019,2020","2018,2019,2020",2018,yes,
628318,Kazuhisa Makita,"Makita, Kazuhisa",Japan,Yaizu,1984-11-10,,P,R,R,2018-03-30,"pitcher, batter",SD,2018,2018,2018,yes,
660271,Shohei Ohtani,"Ohtani, Shohei",Japan,Oshu,1994-07-05,,TWP,L,R,2018-03-29,"pitcher, batter",LAA/LAD,"2018,2019,2020,2021,2022,2023,2024,2025,2026","2018,2020,2021,2022,2023,2025,2026","2018,2019,2020,2021,2022,2023,2024,2025,2026",yes,
579328,Yusei Kikuchi,"Kikuchi, Yusei",Japan,Morioka,1991-06-17,,P,L,L,2019-03-21,"pitcher, batter",SEA/TOR/HOU/LAA,"2019,2020,2021,2022,2023,2024,2025,2026","2019,2020,2021,2022,2023,2024,2025,2026","2019,2021",yes,
673451,Shogo Akiyama,"Akiyama, Shogo",Japan,Yokosuka,1988-04-16,,OF,L,R,2020-07-24,batter,CIN,"2020,2021",,"2020,2021",yes,
660294,Yoshi Tsutsugo,"Tsutsugo, Yoshi",Japan,Hashimoto,1991-11-26,,LF,L,R,2020-07-24,batter,TB/LAD/PIT,"2020,2021,2022",,"2020,2021,2022",yes,
685493,Shun Yamaguchi,"Yamaguchi, Shun",Japan,Nakatsu,1987-07-11,,P,R,R,2020-07-26,pitcher,TOR,2020,2020,,yes,
685503,Kohei Arihara,"Arihara, Kohei",Japan,Hiroshima,1992-08-11,,P,R,R,2021-04-03,"pitcher, batter",TEX,"2021,2022","2021,2022",2021,yes,
663457,Lars Nootbaar,"Nootbaar, Lars",USA,El Segundo,1997-09-08,"US-born, Japanese heritage",LF,L,R,2021-06-22,batter,STL/AZ,"2021,2022,2023,2024,2025,2026",,"2021,2022,2023,2024,2025,2026",yes,
617228,Hirokazu Sawamura,"Sawamura, Hirokazu",Japan,Tochigi,1988-04-03,,P,R,R,2021-04-02,pitcher,BOS,"2021,2022","2021,2022",,yes,
641741,Gosuke Katoh,"Katoh, Gosuke",USA,Poway,1994-10-08,"US-born, Japanese heritage",2B,L,R,2022-04-09,batter,TOR,2022,,2022,yes,
673548,Seiya Suzuki,"Suzuki, Seiya",Japan,Arakawa,1994-08-18,,RF,R,R,2022-04-07,batter,CHC,"2022,2023,2024,2025,2026",,"2022,2023,2024,2025,2026",yes,
660261,Shintaro Fujinami,"Fujinami, Shintaro",Japan,Sakai,1994-04-12,,P,R,R,2023-04-01,pitcher,BAL/OAK,2023,2023,,yes,
673540,Kodai Senga,"Senga, Kodai",Japan,Gamagori,1993-01-30,,P,L,R,2023-04-02,pitcher,NYM,"2023,2024,2025,2026","2023,2024,2025,2026",,yes,
807799,Masataka Yoshida,"Yoshida, Masataka",Japan,Fukui,1993-07-15,,DH,L,R,2023-03-30,batter,BOS,"2023,2024,2025,2026",,"2023,2024,2025,2026",yes,
684007,Shota Imanaga,"Imanaga, Shota",Japan,Kitakyushu,1993-09-01,,P,L,L,2024-04-01,pitcher,CHC,"2024,2025,2026","2024,2025,2026",,yes,
673513,Yuki Matsui,"Matsui, Yuki",Japan,Yokohama,1995-10-30,,P,L,L,2024-03-20,pitcher,SD,"2024,2025,2026","2024,2025,2026",,yes,680686
683822,Naoyuki Uwasawa,"Uwasawa, Naoyuki",Japan,Matsudo,1994-02-06,,P,R,R,2024-05-02,pitcher,BOS,2024,2024,,yes,
808967,Yoshinobu Yamamoto,"Yamamoto, Yoshinobu",Japan,Bizen,1998-08-17,,P,R,R,2024-03-21,pitcher,LAD,"2024,2025,2026","2024,2025,2026",,yes,
829272,Shinnosuke Ogasawara,"Ogasawara, Shinnosuke",Japan,Fujisawa,1997-10-08,,P,L,L,2025-07-06,"pitcher, batter",WSH,2025,2025,2025,yes,
808963,Roki Sasaki,"Sasaki, Roki",Japan,Rikuzentakata,2001-11-03,,P,R,R,2025-03-19,pitcher,LAD,"2025,2026","2025,2026",,yes,
608372,Tomoyuki Sugano,"Sugano, Tomoyuki",Japan,Kanagawa,1989-10-11,,P,R,R,2025-03-30,pitcher,BAL/COL,"2025,2026","2025,2026",,yes,
837227,Tatsuya Imai,"Imai, Tatsuya",Japan,Kanuma,1998-05-09,,P,R,R,2026-03-29,pitcher,HOU,2026,2026,,no,
808959,Munetaka Murakami,"Murakami, Munetaka",Japan,Kumamoto,2000-02-02,,1B,L,R,2026-03-26,batter,CWS,2026,,2026,no,
807747,Rikuu Nishida,"Nishida, Rikuu",Japan,Osaka,2001-05-06,,RF,L,R,2026-05-25,batter,CWS,2026,,2026,no,
672960,Kazuma Okamoto,"Okamoto, Kazuma",Japan,Gojo,1996-06-30,,3B,R,R,2026-03-27,batter,TOR,2026,,2026,no,
