mlbam_id,name,season,role,teams,games,statsapi_pitches,statcast_rows,bat_pa,bat_ab,bat_h,bat_hr,bat_bb,bat_so,bat_sb,bat_avg,bat_obp,bat_slg,bat_ops,bat_woba,bat_wrc_plus,bat_war,pit_gs,pit_ip,pit_bf,pit_w,pit_l,pit_sv,pit_hld,pit_so,pit_bb,pit_hr,pit_era,pit_whip,pit_fip,pit_xfip,pit_war
400085,Ichiro Suzuki,2015,batter,MIA,153,1636,1636,438,398,91,1,31,51,11,.229,.282,.279,.561,0.250236,56.1919,-0.76594,,,,,,,,,,,,,,,
400085,Ichiro Suzuki,2015,pitcher,MIA,1,18,18,,,,,,,,,,,,,,,0,1.0,5,0,0,0,0,0,0,0,9.00,2.00,3.13359,7.56062,0.00851214
400085,Ichiro Suzuki,2016,batter,MIA,143,1448,1448,365,327,95,1,30,42,10,.291,.354,.376,.730,0.320463,102.307,1.56732,,,,,,,,,,,,,,,
400085,Ichiro Suzuki,2017,batter,MIA,136,866,870,215,196,50,3,17,35,1,.255,.318,.332,.650,0.286792,76.8953,-0.27207,,,,,,,,,,,,,,,
400085,Ichiro Suzuki,2018,batter,SEA,15,160,160,47,44,9,0,3,7,0,.205,.255,.205,.460,0.212433,31.5547,-0.56689,,,,,,,,,,,,,,,
400085,Ichiro Suzuki,2019,batter,SEA,2,30,30,6,5,0,0,1,1,0,.000,.167,.000,.167,0.115049,-35.7655,-0.08526,,,,,,,,,,,,,,,
493114,Norichika Aoki,2015,batter,SF,93,1452,1452,392,355,102,5,30,25,14,.287,.353,.380,.733,0.325642,109.228,1.23977,,,,,,,,,,,,,,,
493114,Norichika Aoki,2016,batter,SEA,118,1688,1688,467,417,118,4,34,45,7,.283,.349,.388,.737,0.324643,107.448,1.28038,,,,,,,,,,,,,,,
493114,Norichika Aoki,2017,batter,HOU/NYM/TOR,110,1460,1464,374,336,93,5,29,44,10,.277,.335,.393,.728,0.314647,96.92626203208556,0.93245,,,,,,,,,,,,,,,
493114,Norichika Aoki,2017,pitcher,HOU,1,20,20,,,,,,,,,,,,,,,0,1.0,6,0,0,0,0,0,2,0,27.00,3.00,9.15764,10.9364,-0.026671
493117,Kyuji Fujikawa,2015,pitcher,TEX,2,26,26,,,,,,,,,,,,,,,0,1.2,8,0,0,0,0,1,0,1,16.20,1.20,11.5334,8.16052,-0.102813
493128,Munenori Kawasaki,2015,batter,TOR,23,122,122,34,28,6,0,4,6,0,.214,.313,.286,.599,0.274475,69.3403,0.08251,,,,,,,,,,,,,,,
493128,Munenori Kawasaki,2016,batter,CHC,14,107,107,26,21,7,0,4,5,2,.333,.462,.429,.891,0.398449,149.768,0.33707,,,,,,,,,,,,,,,
493157,Koji Uehara,2015,pitcher,BOS,43,633,633,,,,,,,,,,,,,,,0,40.1,160,2,4,25,0,47,9,3,2.23,0.92,2.43938,3.52131,1.39209
493157,Koji Uehara,2016,pitcher,BOS,50,769,769,,,,,,,,,,,,,,,0,47.0,184,2,3,7,18,63,11,8,3.45,0.96,3.50826,3.4218,0.57543
493157,Koji Uehara,2017,pitcher,CHC,49,676,685,,,,,,,,,,,,,,,0,43.0,178,3,4,2,14,50,12,7,3.98,1.16,3.78555,4.02722,0.591827
493159,Tsuyoshi Wada,2015,batter,CHC,8,40,40,9,8,0,0,1,5,0,.000,.111,.000,.111,0.076316,-66.361,-0.05677,,,,,,,,,,,,,,,
493159,Tsuyoshi Wada,2015,pitcher,CHC,8,534,534,,,,,,,,,,,,,,,7,32.1,136,1,1,0,0,31,11,5,3.62,1.27,4.33978,3.69865,0.218997
506433,Yu Darvish,2016,batter,TEX,17,11,11,3,3,1,1,0,1,0,.333,.333,1.333,1.666,0.671586,333.598,0.12958,,,,,,,,,,,,,,,
506433,Yu Darvish,2016,pitcher,TEX,17,1579,1579,,,,,,,,,,,,,,,17,100.1,416,7,5,0,0,132,31,12,3.41,1.12,3.08676,3.19201,2.81009
506433,Yu Darvish,2017,batter,LAD,9,73,73,20,17,1,0,1,14,0,.059,.111,.059,.170,0.087204,-54.3494,-0.0902,,,,,,,,,,,,,,,
506433,Yu Darvish,2017,pitcher,LAD/TEX,31,3054,3058,,,,,,,,,,,,,,,31,186.2,766,10,12,0,0,209,58,27,3.86,1.16,3.827286142857143,3.652677017857143,3.674
506433,Yu Darvish,2018,batter,CHC,8,48,48,14,12,1,0,0,7,0,.083,.083,.167,.250,0.10394,-44.1705,-0.05248,,,,,,,,,,,,,,,
506433,Yu Darvish,2018,pitcher,CHC,8,740,740,,,,,,,,,,,,,,,8,40.0,180,1,3,0,0,49,21,7,4.95,1.43,4.86043,4.23705,0.236887
506433,Yu Darvish,2019,batter,CHC,31,249,249,62,56,5,0,2,31,0,.089,.119,.089,.208,0.097095,-51.4555,-0.27253,,,,,,,,,,,,,,,
506433,Yu Darvish,2019,pitcher,CHC,31,2848,2851,,,,,,,,,,,,,,,31,178.2,731,6,8,0,0,229,56,33,3.98,1.10,4.1767,3.38995,2.58248
506433,Yu Darvish,2020,pitcher,CHC,12,1153,1157,,,,,,,,,,,,,,,12,76.0,297,8,3,0,0,93,14,5,2.01,0.96,2.23089,2.82184,2.93195
506433,Yu Darvish,2021,batter,SD,30,217,217,55,53,5,0,0,25,0,.094,.111,.132,.243,0.108192,-33.6921,-0.11233,,,,,,,,,,,,,,,
506433,Yu Darvish,2021,pitcher,SD,30,2769,2773,,,,,,,,,,,,,,,30,166.1,681,8,11,0,0,199,44,28,4.22,1.09,3.9035,3.75174,2.84953
506433,Yu Darvish,2022,pitcher,SD,30,2971,2971,,,,,,,,,,,,,,,30,194.2,771,16,8,0,0,197,37,22,3.10,0.95,3.31277,3.57745,4.16891
506433,Yu Darvish,2023,pitcher,SD,24,2218,2219,,,,,,,,,,,,,,,24,136.1,574,8,10,0,0,141,43,18,4.56,1.30,4.02521,3.92176,2.44016
506433,Yu Darvish,2024,pitcher,SD,16,1261,1264,,,,,,,,,,,,,,,16,81.2,331,7,3,0,0,78,22,12,3.31,1.07,4.08485,3.98905,1.08613
506433,Yu Darvish,2025,pitcher,SD,15,1158,1160,,,,,,,,,,,,,,,15,72.0,296,5,5,0,0,68,19,14,5.38,1.18,4.81569,4.15085,0.387195
538506,Toru Murata,2015,pitcher,CLE,1,69,69,,,,,,,,,,,,,,,1,3.1,16,0,1,0,0,2,1,2,8.10,1.50,10.6337,6.37524,-0.164931
547749,Junichi Tazawa,2015,pitcher,BOS,61,954,954,,,,,,,,,,,,,,,0,58.2,247,2,7,3,16,56,13,5,4.14,1.33,3.04837,3.72631,1.12727
547749,Junichi Tazawa,2016,pitcher,BOS,53,838,838,,,,,,,,,,,,,,,0,49.2,208,3,2,0,16,54,14,9,4.17,1.23,4.23381,3.78963,0.152092
547749,Junichi Tazawa,2017,batter,MIA,55,6,6,1,1,0,0,0,0,0,.000,.000,.000,.000,0.0,-100.0,-0.01178,,,,,,,,,,,,,,,
547749,Junichi Tazawa,2017,pitcher,MIA,55,962,978,,,,,,,,,,,,,,,0,55.1,238,3,5,0,9,38,22,8,5.69,1.39,4.96487,5.3035,-0.272358
547749,Junichi Tazawa,2018,pitcher,LAA/MIA,31,501,511,,,,,,,,,,,,,,,0,28.0,134,1,1,0,2,28,16,7,7.07,1.82,6.124715714285714,5.29315,-0.4580805
547874,Hisashi Iwakuma,2015,batter,SEA,20,8,8,3,2,0,0,0,2,0,.000,.000,.000,.000,0.0,-100.0,-0.03596,,,,,,,,,,,,,,,
547874,Hisashi Iwakuma,2015,pitcher,SEA,20,1868,1868,,,,,,,,,,,,,,,20,129.2,516,9,5,0,0,111,21,18,3.54,1.06,3.73514,3.27341,1.74212
547874,Hisashi Iwakuma,2016,batter,SEA,33,10,10,3,2,0,0,0,1,0,.000,.000,.000,.000,0.0,-100.0,-0.03591,,,,,,,,,,,,,,,
547874,Hisashi Iwakuma,2016,pitcher,SEA,33,2981,2981,,,,,,,,,,,,,,,33,199.0,836,16,12,0,0,147,46,28,4.12,1.33,4.26716,4.4133,2.67937
547874,Hisashi Iwakuma,2017,pitcher,SEA,6,471,471,,,,,,,,,,,,,,,6,31.0,128,0,2,0,0,16,12,7,4.35,1.26,6.4157,5.89022,-0.23782
547888,Masahiro Tanaka,2015,batter,NYY,24,39,39,8,7,0,0,1,2,0,.000,.125,.000,.125,0.085855,-60.673,-0.04224,,,,,,,,,,,,,,,
547888,Masahiro Tanaka,2015,pitcher,NYY,24,2290,2290,,,,,,,,,,,,,,,24,154.0,609,12,7,0,0,139,27,25,3.51,0.99,3.98424,3.29203,2.27004
547888,Masahiro Tanaka,2016,batter,NYY,31,13,13,2,2,0,0,0,2,0,.000,.000,.000,.000,0.0,-100.0,-0.02544,,,,,,,,,,,,,,,
547888,Masahiro Tanaka,2016,pitcher,NYY,31,2935,2935,,,,,,,,,,,,,,,31,199.2,805,14,4,0,0,165,36,22,3.07,1.08,3.51217,3.61469,4.68274
547888,Masahiro Tanaka,2017,batter,NYY,30,12,12,3,2,0,0,0,2,0,.000,.000,.000,.000,0.0,-100.0,-0.0358,,,,,,,,,,,,,,,
547888,Masahiro Tanaka,2017,pitcher,NYY,30,2810,2814,,,,,,,,,,,,,,,30,178.1,752,13,12,0,0,194,41,35,4.74,1.24,4.34082,3.43523,2.59623
547888,Masahiro Tanaka,2018,batter,NYY,27,18,18,6,6,0,0,0,1,0,.000,.000,.000,.000,0.0,-100.0,-0.05476,,,,,,,,,,,,,,,
547888,Masahiro Tanaka,2018,pitcher,NYY,27,2398,2398,,,,,,,,,,,,,,,27,156.0,635,12,6,0,0,159,35,25,3.75,1.13,4.013,3.42247,2.43152
547888,Masahiro Tanaka,2019,batter,NYY,32,5,5,1,1,0,0,0,0,0,.000,.000,.000,.000,0.0,-100.0,-0.01154,,,,,,,,,,,,,,,
547888,Masahiro Tanaka,2019,pitcher,NYY,32,2787,2787,,,,,,,,,,,,,,,31,182.0,759,11,9,0,0,149,40,28,4.45,1.24,4.26895,4.29095,3.22541
547888,Masahiro Tanaka,2020,pitcher,NYY,10,769,769,,,,,,,,,,,,,,,10,48.0,197,3,3,0,0,44,8,9,3.56,1.17,4.42059,4.19258,0.790342
579328,Yusei Kikuchi,2019,batter,SEA,32,5,5,2,1,0,0,0,1,0,.000,.000,.000,.000,0.0,-100.0,-0.02212,,,,,,,,,,,,,,,
579328,Yusei Kikuchi,2019,pitcher,SEA,32,2721,2721,,,,,,,,,,,,,,,32,161.2,721,6,11,0,0,116,50,36,5.46,1.52,5.71298,5.18057,0.188637
579328,Yusei Kikuchi,2020,pitcher,SEA,9,795,795,,,,,,,,,,,,,,,9,47.0,194,2,4,0,0,47,20,3,5.17,1.30,3.2978,3.78089,1.10468
579328,Yusei Kikuchi,2021,batter,SEA,29,10,10,2,2,0,0,0,2,0,.000,.000,.000,.000,0.0,-100.0,-0.0203,,,,,,,,,,,,,,,
579328,Yusei Kikuchi,2021,pitcher,SEA,29,2562,2562,,,,,,,,,,,,,,,29,157.0,666,7,9,0,0,163,62,27,4.41,1.32,4.60952,3.84603,1.07782
579328,Yusei Kikuchi,2022,pitcher,TOR,32,1843,1844,,,,,,,,,,,,,,,20,100.2,454,6,7,1,0,124,58,23,5.19,1.50,5.61574,4.07199,-0.864036
579328,Yusei Kikuchi,2023,pitcher,TOR,32,2818,2818,,,,,,,,,,,,,,,32,167.2,700,11,6,0,0,181,48,27,3.86,1.27,4.11985,3.7718,2.56693
579328,Yusei Kikuchi,2024,pitcher,HOU/TOR,32,2923,2926,,,,,,,,,,,,,,,32,175.2,736,9,10,0,0,206,44,25,4.05,1.20,3.456805616698292,3.199051688804554,3.61095
579328,Yusei Kikuchi,2025,pitcher,LAA,33,3094,3109,,,,,,,,,,,,,,,33,178.1,772,7,11,0,0,174,74,24,3.99,1.42,4.22859,4.27728,2.25414
579328,Yusei Kikuchi,2026,pitcher,LAA,14,1202,1206,,,,,,,,,,,,,,,14,67.2,305,1,7,0,0,67,30,7,4.92,1.54,4.12357,4.33301,0.82676
608372,Tomoyuki Sugano,2025,pitcher,BAL,30,2565,2573,,,,,,,,,,,,,,,30,157.0,675,10,10,0,0,106,36,33,4.64,1.33,5.35807,4.6976,0.0806713
608372,Tomoyuki Sugano,2026,pitcher,COL,29,2522,2526,,,,,,,,,,,,,,,29,154.1,656,12,12,0,0,96,36,33,5.37,1.32,5.39603,4.73814,0.405064
617228,Hirokazu Sawamura,2021,pitcher,BOS,55,945,963,,,,,,,,,,,,,,,0,53.0,233,5,1,0,10,61,32,9,3.06,1.45,5.00022,4.39059,-0.216131
617228,Hirokazu Sawamura,2022,pitcher,BOS,49,838,848,,,,,,,,,,,,,,,0,50.2,221,1,1,0,3,40,27,4,3.73,1.42,4.15848,4.5054,0.0226549
628317,Kenta Maeda,2016,batter,LAD,35,214,214,66,57,7,1,1,16,0,.123,.138,.193,.331,0.143787,-16.8618,-0.13028,,,,,,,,,,,,,,,
628317,Kenta Maeda,2016,pitcher,LAD,32,2930,2930,,,,,,,,,,,,,,,32,175.2,716,16,11,0,0,179,50,20,3.48,1.14,3.5792,3.70151,2.92116
628317,Kenta Maeda,2017,batter,LAD,30,147,147,44,39,5,0,0,3,0,.128,.128,.154,.282,0.121509,-31.8254,-0.06172,,,,,,,,,,,,,,,
628317,Kenta Maeda,2017,pitcher,LAD,29,2181,2185,,,,,,,,,,,,,,,25,134.1,557,13,6,1,0,140,34,22,4.22,1.15,4.07327,3.89078,1.74363
628317,Kenta Maeda,2018,batter,LAD,41,126,126,40,32,3,0,0,9,0,.094,.094,.094,.188,0.082456,-55.1381,-0.16328,,,,,,,,,,,,,,,
628317,Kenta Maeda,2018,pitcher,LAD,39,2051,2065,,,,,,,,,,,,,,,20,125.1,532,8,10,2,5,153,43,13,3.81,1.26,3.21628,3.37015,2.46392
628317,Kenta Maeda,2019,batter,LAD,41,194,194,61,48,12,0,0,13,0,.250,.250,.292,.542,0.231863,40.6841,0.4585,,,,,,,,,,,,,,,
628317,Kenta Maeda,2019,pitcher,LAD,37,2433,2437,,,,,,,,,,,,,,,26,153.2,624,10,8,3,4,169,51,22,4.04,1.07,3.94937,4.04288,2.65437
628317,Kenta Maeda,2020,pitcher,MIN,11,986,986,,,,,,,,,,,,,,,11,66.2,248,6,1,0,0,80,10,9,2.70,0.75,2.99642,2.62978,2.0548
628317,Kenta Maeda,2021,batter,MIN,23,10,10,4,3,1,0,0,1,0,.333,.333,.333,.666,0.293018,85.6945,-0.00382,,,,,,,,,,,,,,,
628317,Kenta Maeda,2021,pitcher,MIN,21,1775,1776,,,,,,,,,,,,,,,21,106.1,453,6,5,0,0,113,32,16,4.66,1.30,4.10107,3.98675,1.60181
628317,Kenta Maeda,2023,pitcher,MIN,21,1700,1702,,,,,,,,,,,,,,,20,104.1,428,6,8,0,0,117,28,17,4.23,1.17,4.02181,3.97954,1.61903
628317,Kenta Maeda,2024,pitcher,DET,29,1958,1960,,,,,,,,,,,,,,,17,112.1,485,3,7,0,1,96,31,22,6.09,1.38,4.9647,4.50501,0.0978031
628317,Kenta Maeda,2025,pitcher,DET,7,171,171,,,,,,,,,,,,,,,0,8.0,43,0,0,0,0,8,6,1,7.88,1.88,6.13514,6.24459,-0.0940208
628318,Kazuhisa Makita,2018,batter,SD,27,11,11,3,3,0,0,0,2,0,.000,.000,.000,.000,0.0,-100.0,-0.03308,,,,,,,,,,,,,,,
628318,Kazuhisa Makita,2018,pitcher,SD,27,581,589,,,,,,,,,,,,,,,0,35.0,149,0,1,0,2,37,12,7,5.40,1.26,4.84615,4.03933,-0.0780459
641741,Gosuke Katoh,2022,batter,TOR,8,38,38,11,7,1,0,3,1,0,.143,.400,.286,.686,0.332771,118.953,0.11121,,,,,,,,,,,,,,,
660261,Shintaro Fujinami,2023,pitcher,BAL/OAK,64,1404,1411,,,,,,,,,,,,,,,7,79.0,357,7,8,2,5,83,45,9,7.18,1.49,4.609467510548523,5.053882278481012,0.232728
660271,Shohei Ohtani,2018,batter,LAA,114,1455,1463,367,326,93,22,37,102,10,.285,.361,.564,.925,0.389612,149.454,2.73942,,,,,,,,,,,,,,,
660271,Shohei Ohtani,2018,pitcher,LAA,10,853,853,,,,,,,,,,,,,,,10,51.2,211,4,2,0,0,63,22,6,3.31,1.16,3.56688,3.52768,1.06023
660271,Shohei Ohtani,2019,batter,LAA,106,1683,1687,425,384,110,18,33,110,12,.286,.343,.505,.848,0.352326,119.682,1.63617,,,,,,,,,,,,,,,
660271,Shohei Ohtani,2020,batter,LAA,46,739,739,175,153,29,7,22,50,7,.190,.291,.366,.657,0.290153,79.7318,-0.03617,,,,,,,,,,,,,,,
660271,Shohei Ohtani,2020,pitcher,LAA,2,80,80,,,,,,,,,,,,,,,2,1.2,16,0,1,0,0,3,8,0,37.80,6.60,13.9912,15.1481,-0.138586
660271,Shohei Ohtani,2021,batter,LAA,158,2594,2660,639,537,138,46,96,189,26,.257,.372,.592,.964,0.393489,150.467,5.0179,,,,,,,,,,,,,,,
660271,Shohei Ohtani,2021,pitcher,LAA,23,2027,2032,,,,,,,,,,,,,,,23,130.1,533,9,2,0,0,156,44,15,3.18,1.09,3.5153,3.54885,2.95952
660271,Shohei Ohtani,2022,batter,LAA,157,2546,2596,666,586,160,34,72,161,11,.273,.356,.519,.875,0.369625,141.87,3.60589,,,,,,,,,,,,,,,
660271,Shohei Ohtani,2022,pitcher,LAA,28,2629,2629,,,,,,,,,,,,,,,28,166.0,660,15,9,0,0,219,44,14,2.33,1.01,2.40159,2.6518,5.59279
660271,Shohei Ohtani,2023,batter,LAA,135,2321,2402,599,497,151,44,91,143,20,.304,.412,.654,1.066,0.433482,180.221,6.57833,,,,,,,,,,,,,,,
660271,Shohei Ohtani,2023,pitcher,LAA,23,2094,2097,,,,,,,,,,,,,,,23,132.0,531,10,5,0,0,167,55,18,3.14,1.06,3.99746,3.57748,2.29265
660271,Shohei Ohtani,2024,batter,LAD,159,2838,2877,731,636,197,54,81,162,59,.310,.390,.646,1.036,0.430549,179.574,8.93882,,,,,,,,,,,,,,,
660271,Shohei Ohtani,2025,batter,LAD,158,2865,2940,727,611,172,55,109,187,20,.282,.392,.622,1.014,0.417822,172.21,7.46242,,,,,,,,,,,,,,,
660271,Shohei Ohtani,2025,pitcher,LAD,14,753,753,,,,,,,,,,,,,,,14,47.0,188,1,1,0,0,62,9,3,2.87,1.04,1.90109,2.44903,1.9136
660271,Shohei Ohtani,2026,batter,LAD,139,2356,2418,618,523,144,30,81,152,11,.275,.377,.512,.889,0.376984,139.481,3.70505,,,,,,,,,,,,,,,
660271,Shohei Ohtani,2026,pitcher,LAD,14,1335,1335,,,,,,,,,,,,,,,14,85.2,340,8,2,0,0,95,26,4,1.79,0.95,2.61203,3.2381,2.93946
660294,Yoshi Tsutsugo,2020,batter,TB,51,847,851,185,157,31,8,26,50,0,.197,.314,.395,.709,0.308605,99.2763,0.08011,,,,,,,,,,,,,,,
660294,Yoshi Tsutsugo,2021,batter,LAD/PIT/TB,81,1072,1072,262,230,50,8,29,72,0,.217,.307,.383,.690,0.301558,88.27940381679389,-0.207,,,,,,,,,,,,,,,
660294,Yoshi Tsutsugo,2022,batter,PIT,50,861,861,193,170,29,2,19,50,0,.171,.249,.229,.478,0.220749,35.5809,-1.33648,,,,,,,,,,,,,,,
663457,Lars Nootbaar,2021,batter,STL,58,472,474,124,109,26,5,13,28,2,.239,.317,.422,.739,0.316148,98.6757,0.58411,,,,,,,,,,,,,,,
663457,Lars Nootbaar,2022,batter,STL,108,1389,1391,347,290,66,14,51,71,4,.228,.340,.448,.788,0.341966,122.545,2.63973,,,,,,,,,,,,,,,
663457,Lars Nootbaar,2023,batter,STL,117,2074,2086,503,426,111,14,72,99,11,.261,.367,.418,.785,0.344194,118.12,3.13855,,,,,,,,,,,,,,,
663457,Lars Nootbaar,2024,batter,STL,109,1659,1665,405,348,85,12,52,79,7,.244,.342,.417,.759,0.330773,113.75,1.69305,,,,,,,,,,,,,,,
663457,Lars Nootbaar,2025,batter,STL,135,2359,2373,583,509,119,13,64,119,4,.234,.325,.361,.686,0.304156,95.7026,0.80297,,,,,,,,,,,,,,,
663457,Lars Nootbaar,2026,batter,AZ/STL,90,1387,1398,334,285,68,8,46,70,2,.239,.342,.379,.721,0.321948,103.09954071856288,1.03755,,,,,,,,,,,,,,,
672960,Kazuma Okamoto,2026,batter,TOR,156,2676,2679,636,568,132,33,59,183,1,.232,.310,.452,.762,0.332234,113.145,2.93822,,,,,,,,,,,,,,,
673451,Shogo Akiyama,2020,batter,CIN,54,821,821,183,155,38,0,25,34,7,.245,.357,.297,.654,0.303693,81.2562,0.27365,,,,,,,,,,,,,,,
673451,Shogo Akiyama,2021,batter,CIN,88,757,761,183,162,33,0,14,40,2,.204,.282,.253,.535,0.243276,44.1152,-0.67317,,,,,,,,,,,,,,,
673513,Yuki Matsui,2024,pitcher,SD,64,1049,1066,,,,,,,,,,,,,,,0,62.2,257,4,2,0,9,69,27,8,3.73,1.16,3.91648,4.01823,0.350083
673513,Yuki Matsui,2025,pitcher,SD,61,1063,1073,,,,,,,,,,,,,,,0,63.1,272,3,1,1,3,61,33,10,3.98,1.36,4.87198,4.93721,-0.303023
673513,Yuki Matsui,2026,pitcher,SD,54,1086,1099,,,,,,,,,,,,,,,0,64.0,260,5,1,1,11,68,36,7,1.83,1.14,4.18042,4.62129,0.372699
673540,Kodai Senga,2023,pitcher,NYM,29,2795,2803,,,,,,,,,,,,,,,29,166.1,694,12,7,0,0,202,77,17,2.98,1.22,3.6338,3.76632,3.44407
673540,Kodai Senga,2024,pitcher,NYM,1,73,73,,,,,,,,,,,,,,,1,5.1,20,1,0,0,0,9,1,1,3.38,0.56,3.35398,1.76698,0.146368
673540,Kodai Senga,2025,pitcher,NYM,22,1902,1908,,,,,,,,,,,,,,,22,113.1,482,7,6,0,0,109,55,12,3.02,1.31,4.12337,4.35212,1.41017
673540,Kodai Senga,2026,pitcher,NYM,31,1129,1130,,,,,,,,,,,,,,,8,61.1,283,0,9,8,0,75,41,14,7.34,1.65,5.82512,4.80146,-0.562705
673548,Seiya Suzuki,2022,batter,CHC,111,1876,1884,446,397,104,14,42,110,9,.262,.336,.433,.769,0.334174,118.302,1.96276,,,,,,,,,,,,,,,
673548,Seiya Suzuki,2023,batter,CHC,138,2445,2458,583,515,147,20,59,130,6,.285,.357,.485,.842,0.358453,127.328,3.06433,,,,,,,,,,,,,,,
673548,Seiya Suzuki,2024,batter,CHC,132,2509,2520,585,512,145,21,63,160,16,.283,.366,.482,.848,0.364873,137.175,3.48144,,,,,,,,,,,,,,,
673548,Seiya Suzuki,2025,batter,CHC,151,2727,2731,651,571,140,32,71,164,5,.245,.326,.478,.804,0.34336,123.041,2.6246,,,,,,,,,,,,,,,
673548,Seiya Suzuki,2026,batter,CHC,143,2735,2748,634,545,147,26,81,155,3,.270,.368,.473,.841,0.366103,134.003,4.57456,,,,,,,,,,,,,,,
673633,Yoshihisa Hirano,2018,batter,AZ,75,2,2,1,1,0,0,0,0,0,.000,.000,.000,.000,0.0,-100.0,-0.01154,,,,,,,,,,,,,,,
673633,Yoshihisa Hirano,2018,pitcher,AZ,75,1100,1111,,,,,,,,,,,,,,,0,66.1,262,4,3,3,32,59,23,6,2.44,1.09,3.68807,4.00611,0.247964
673633,Yoshihisa Hirano,2019,pitcher,AZ,62,934,942,,,,,,,,,,,,,,,0,53.0,233,5,5,1,15,61,22,7,4.75,1.38,4.0442,4.24136,0.451087
673633,Yoshihisa Hirano,2020,pitcher,SEA,13,248,248,,,,,,,,,,,,,,,0,12.1,63,0,1,4,1,11,8,2,5.84,2.11,5.70494,5.62934,-0.170915
683822,Naoyuki Uwasawa,2024,pitcher,BOS,2,62,63,,,,,,,,,,,,,,,0,4.0,16,0,0,0,0,3,2,0,2.25,1.00,3.16648,5.05649,0.11633
684007,Shota Imanaga,2024,pitcher,CHC,29,2590,2594,,,,,,,,,,,,,,,29,173.1,694,15,3,0,0,174,28,27,2.91,1.02,3.72033,3.62314,3.09903
684007,Shota Imanaga,2025,pitcher,CHC,25,2176,2178,,,,,,,,,,,,,,,25,144.2,567,9,8,0,0,117,26,31,3.73,0.99,4.86325,4.50737,0.882113
684007,Shota Imanaga,2026,pitcher,CHC,32,2810,2811,,,,,,,,,,,,,,,32,174.1,706,11,10,0,0,174,37,35,3.77,1.10,4.44076,3.77127,1.84566
685493,Shun Yamaguchi,2020,pitcher,TOR,17,502,502,,,,,,,,,,,,,,,0,25.2,120,2,4,0,1,26,17,6,8.06,1.75,6.42518,5.79031,-0.456101
685503,Kohei Arihara,2021,batter,TEX,10,12,12,2,2,0,0,0,1,0,.000,.000,.000,.000,0.0,-100.0,-0.02139,,,,,,,,,,,,,,,
685503,Kohei Arihara,2021,pitcher,TEX,10,696,696,,,,,,,,,,,,,,,10,40.2,178,2,4,0,0,24,13,11,6.64,1.43,6.7602,5.49987,-0.564935
685503,Kohei Arihara,2022,pitcher,TEX,5,390,390,,,,,,,,,,,,,,,4,20.0,108,1,3,0,0,14,11,4,9.45,2.35,6.41243,5.21878,-0.317569
807747,Rikuu Nishida,2026,batter,CWS,12,97,97,30,29,7,0,0,5,0,.241,.241,.241,.482,0.214885,31.4832,-0.13722,,,,,,,,,,,,,,,
807799,Masataka Yoshida,2023,batter,BOS,140,2197,2198,580,537,155,15,34,81,8,.289,.338,.445,.783,0.338515,111.336,0.75194,,,,,,,,,,,,,,,
807799,Masataka Yoshida,2024,batter,BOS,108,1593,1594,421,378,106,10,27,52,2,.280,.349,.415,.764,0.336477,117.781,0.92703,,,,,,,,,,,,,,,
807799,Masataka Yoshida,2025,batter,BOS,55,715,715,205,188,50,4,10,24,3,.266,.307,.388,.695,0.301886,89.6618,-0.04842,,,,,,,,,,,,,,,
807799,Masataka Yoshida,2026,batter,BOS,87,1071,1076,297,263,72,5,28,33,2,.274,.347,.399,.746,0.329678,108.149,0.38352,,,,,,,,,,,,,,,
808959,Munetaka Murakami,2026,batter,CWS,127,2423,2454,553,454,94,35,92,196,1,.207,.347,.478,.825,0.356159,129.596,2.90708,,,,,,,,,,,,,,,
808963,Roki Sasaki,2025,pitcher,LAD,10,621,624,,,,,,,,,,,,,,,8,36.1,161,1,1,0,2,28,22,6,4.46,1.43,5.80486,5.52513,-0.0877655
808963,Roki Sasaki,2026,pitcher,LAD,26,2100,2100,,,,,,,,,,,,,,,23,122.1,522,5,5,0,1,123,48,22,4.49,1.32,4.77537,4.04751,1.06155
808967,Yoshinobu Yamamoto,2024,pitcher,LAD,18,1469,1474,,,,,,,,,,,,,,,18,90.0,368,7,2,0,0,105,22,7,3.00,1.11,2.61092,2.85982,2.8419
808967,Yoshinobu Yamamoto,2025,pitcher,LAD,30,2789,2792,,,,,,,,,,,,,,,30,173.2,684,12,8,0,0,201,59,14,2.49,0.99,2.93936,3.04546,4.91929
808967,Yoshinobu Yamamoto,2026,pitcher,LAD,28,2734,2740,,,,,,,,,,,,,,,28,185.0,708,14,9,0,0,182,42,20,2.53,0.87,3.33473,3.2834,4.66368
829272,Shinnosuke Ogasawara,2025,batter,WSH,23,3,3,1,1,0,0,0,1,0,.000,.000,.000,.000,0.0,-100.0,-0.01031,,,,,,,,,,,,,,,
829272,Shinnosuke Ogasawara,2025,pitcher,WSH,23,674,674,,,,,,,,,,,,,,,2,38.2,173,1,1,0,1,30,17,9,6.98,1.55,6.161,5.16864,-0.489997
837227,Tatsuya Imai,2026,pitcher,HOU,23,1451,1453,,,,,,,,,,,,,,,15,76.2,338,6,4,0,0,97,51,9,4.93,1.42,4.29173,4.1814,0.517343
